{
    "inputfile": "/project/vitelli/dsseara/schelling/data/decennial/gridded_small/Illinois_Cook_small.hdf5",
    "sigma": 2.0,
    "duration": 30.0,
    "nt": 300,
    "timestepper": "linear",
    "dt": 0.01,
    "dexp": 0.05,
    "tempW": 0.3755539904546736,
    "gammaW": 2.4616512730183318,
    "kWW": 7.311385761355476,
    "kWB": 15.983193416357306,
    "nuWWW": -6.40074002350609,
    "nuWWB": -18.90620845706837,
    "nuWBB": -18.60873560375226,
    "growthW": -0.009790969490076,
    "tempB": 1.7183631376594726,
    "gammaB": 5.232606865421088,
    "kBB": 17.4193447103632,
    "kBW": -9.496633097666733,
    "nuBBB": -32.69229678119011,
    "nuBWB": 3.8468487648737466,
    "nuBWW": 9.856062799745882,
    "growthB": 0.0094513374765641,
    "buffer": 1.0,
    "simplify": 1.0,
    "cellsize": 3.0,
    "savefolder": "/project/vitelli/dsseara/schelling/sims/2024-08-08_fipy_inferredParams+growth/data_forJonathan/Illinois_Cook_small",
    "filename": "Illinois_Cook_small_NYCinferredParams"
}